Asset_1,Asset_2,Correlation,Abs_Correlation
BIST100,BIST30,0.9917947850123787,0.9917947850123787
SP500,Dow_Jones,0.9545385453052609,0.9545385453052609
USD_TRY,SAR_TRY,0.9502394429460004,0.9502394429460004
SP500,NASDAQ,0.9463438753226233,0.9463438753226233
BIST_Banks,AKBNK,0.942901333531293,0.942901333531293
BIST100,BIST_Industrials,0.9203506128332567,0.9203506128332567
BIST_Banks,GARAN,0.9186686393262429,0.9186686393262429
EUR_TRY,GBP_TRY,0.9108049297277102,0.9108049297277102
BIST_Banks,ISCTR,0.9027828685572513,0.9027828685572513
USD_TRY,EUR_TRY,0.8994746954337696,0.8994746954337696
BIST30,BIST_Industrials,0.8920329972103852,0.8920329972103852
USD_TRY,GBP_TRY,0.8766435721720901,0.8766435721720901
GARAN,AKBNK,0.8655090498500866,0.8655090498500866
EUR_TRY,SAR_TRY,0.8637251450307168,0.8637251450307168
BIST30,BIST_Banks,0.8488154109013104,0.8488154109013104
GBP_TRY,SAR_TRY,0.8378760983908724,0.8378760983908724
NASDAQ,Dow_Jones,0.8376718113700053,0.8376718113700053
BIST100,BIST_Banks,0.8324129005696209,0.8324129005696209
DAX,FTSE100,0.8230579712866835,0.8230579712866835
AKBNK,ISCTR,0.8216633268325425,0.8216633268325425
BIST30,SAHOL,0.7999281771886505,0.7999281771886505
GARAN,ISCTR,0.7947277326032673,0.7947277326032673
BIST30,AKBNK,0.7891332950023499,0.7891332950023499
BIST100,SAHOL,0.7881346876211202,0.7881346876211202
Gold,Silver,0.7811446164643514,0.7811446164643514
BIST100,AKBNK,0.7715682271817541,0.7715682271817541
BIST30,KCHOL,0.7706799348384784,0.7706799348384784
BIST30,ISCTR,0.7665358345130452,0.7665358345130452
BIST100,KCHOL,0.759157287267838,0.759157287267838
BIST100,ISCTR,0.7537665642031937,0.7537665642031937
BIST30,GARAN,0.7473021105659984,0.7473021105659984
BIST100,GARAN,0.7319558754813664,0.7319558754813664
BIST_Banks,SAHOL,0.728734360057466,0.728734360057466
SP500,VIX,-0.716975483362134,0.716975483362134
AKBNK,SAHOL,0.7122205896929139,0.7122205896929139
BIST30,THYAO,0.7121243729720353,0.7121243729720353
BIST100,THYAO,0.7113503946672906,0.7113503946672906
KCHOL,SAHOL,0.7108958134685368,0.7108958134685368
NASDAQ,VIX,-0.6984199400441878,0.6984199400441878
Dow_Jones,VIX,-0.6754387481659362,0.6754387481659362
BIST_Industrials,TUPRS,0.6720894762759133,0.6720894762759133
BIST_Industrials,KCHOL,0.6690824459752711,0.6690824459752711
ISCTR,SAHOL,0.6659688747516488,0.6659688747516488
GARAN,SAHOL,0.658397419828477,0.658397419828477
BIST_Industrials,SAHOL,0.6496737554656,0.6496737554656
BIST_Banks,KCHOL,0.6488906142351919,0.6488906142351919
Silver,Platinum,0.6352341961658319,0.6352341961658319
BIST_Industrials,THYAO,0.6338090559414535,0.6338090559414535
BIST30,TUPRS,0.6331254578240797,0.6331254578240797
BIST_Banks,BIST_Industrials,0.6286143151818435,0.6286143151818435
BIST100,TUPRS,0.6211212255779701,0.6211212255779701
AKBNK,KCHOL,0.6201444757974081,0.6201444757974081
ISCTR,KCHOL,0.6110161914188584,0.6110161914188584
BIST100,ASELS,0.608338551901247,0.608338551901247
BIST30,ASELS,0.5975029097710066,0.5975029097710066
Dow_Jones,DAX,0.584204617236687,0.584204617236687
GARAN,KCHOL,0.5797819296983634,0.5797819296983634
BIST_Industrials,ASELS,0.5771478992537087,0.5771478992537087
BIST_Industrials,ISCTR,0.576982195894,0.576982195894
Dow_Jones,FTSE100,0.5740171416505243,0.5740171416505243
SP500,DAX,0.5724824481950289,0.5724824481950289
BIST_Industrials,AKBNK,0.5666310682193052,0.5666310682193052
Gold,Platinum,0.5589064257381161,0.5589064257381161
SP500,FTSE100,0.5396547378504203,0.5396547378504203
KCHOL,TUPRS,0.5368721245593366,0.5368721245593366
THYAO,SAHOL,0.5347123865419451,0.5347123865419451
BIST_Banks,THYAO,0.5288886538454877,0.5288886538454877
BIST_Industrials,GARAN,0.5266849564422639,0.5266849564422639
THYAO,KCHOL,0.5231190066085954,0.5231190066085954
BIST30,BIMAS,0.5207028752330004,0.5207028752330004
NASDAQ,DAX,0.513504018434606,0.513504018434606
BIST100,BIMAS,0.5089469343663187,0.5089469343663187
THYAO,AKBNK,0.49362408085755216,0.49362408085755216
SAHOL,TUPRS,0.484092228427373,0.484092228427373
THYAO,ASELS,0.48134393008428883,0.48134393008428883
THYAO,ISCTR,0.48132005245641724,0.48132005245641724
THYAO,GARAN,0.47745231622474044,0.47745231622474044
Brent_Oil,WTI_Oil,0.476657313088333,0.476657313088333
BIST_Banks,ASELS,0.4530903079968019,0.4530903079968019
THYAO,TUPRS,0.449707599321665,0.449707599321665
DAX,VIX,-0.44680694671891913,0.44680694671891913
NASDAQ,FTSE100,0.4459377094765293,0.4459377094765293
SAHOL,ASELS,0.43960769167581976,0.43960769167581976
FTSE100,MOEX_Russia,0.43686978885447536,0.43686978885447536
KCHOL,ASELS,0.4338879864660915,0.4338879864660915
BIST_Industrials,BIMAS,0.4288974237124327,0.4288974237124327
ISCTR,ASELS,0.41803768657728824,0.41803768657728824
BIST_Banks,TUPRS,0.41657779847560056,0.41657779847560056
DAX,MOEX_Russia,0.41497966353660676,0.41497966353660676
AKBNK,ASELS,0.41439950363605016,0.41439950363605016
FTSE100,VIX,-0.40704308147296603,0.40704308147296603
KCHOL,BIMAS,0.40540460923229793,0.40540460923229793
SAHOL,BIMAS,0.4033301757571749,0.4033301757571749
Platinum,Copper,0.40305701754855094,0.40305701754855094
GARAN,ASELS,0.3990787797374946,0.3990787797374946
ISCTR,TUPRS,0.3970356832380173,0.3970356832380173
AKBNK,TUPRS,0.39497820029578123,0.39497820029578123
Gold,Dollar_Index,-0.39213058243291343,0.39213058243291343
TUPRS,ASELS,0.38021217541710894,0.38021217541710894
Silver,Copper,0.3713216545705431,0.3713216545705431
GARAN,TUPRS,0.3674796553037508,0.3674796553037508
Silver,Dollar_Index,-0.35396248366803124,0.35396248366803124
Platinum,Dollar_Index,-0.35302779029634224,0.35302779029634224
BIST_Banks,BIMAS,0.34730508427808215,0.34730508427808215
FTSE100,BIST100,0.3440730810187086,0.3440730810187086
AKBNK,BIMAS,0.3433668758946079,0.3433668758946079
FTSE100,BIST30,0.3395832075822679,0.3395832075822679
FTSE100,Nikkei225,0.3392180467296904,0.3392180467296904
DAX,BIST100,0.33011707504718346,0.33011707504718346
FTSE100,BIST_Industrials,0.3287296357091612,0.3287296357091612
DAX,BIST30,0.3256281248177845,0.3256281248177845
DAX,Nikkei225,0.32552924700762925,0.32552924700762925
Dow_Jones,US_10Y_Bond,0.32445041607843433,0.32445041607843433
ISCTR,BIMAS,0.32261020469900775,0.32261020469900775
GARAN,BIMAS,0.31197228322023707,0.31197228322023707
TUPRS,BIMAS,0.31001983677900546,0.31001983677900546
DAX,BIST_Industrials,0.3084603953207051,0.3084603953207051
Copper,FTSE100,0.30705929918698777,0.30705929918698777
FTSE100,US_10Y_Bond,0.30533588593962785,0.30533588593962785
FTSE100,KCHOL,0.3024898146699856,0.3024898146699856
Dow_Jones,MOEX_Russia,0.299007770912685,0.299007770912685
FTSE100,SAHOL,0.29570909397449774,0.29570909397449774
Brent_Oil,FTSE100,0.2953426308909637,0.2953426308909637
FTSE100,BIST_Banks,0.29161834591149643,0.29161834591149643
DAX,KCHOL,0.2913367451689945,0.2913367451689945
THYAO,BIMAS,0.2875101801069695,0.2875101801069695
SP500,US_10Y_Bond,0.2868056672160906,0.2868056672160906
SP500,MOEX_Russia,0.28333272658694664,0.28333272658694664
DAX,SAHOL,0.281400506928293,0.281400506928293
DAX,BIST_Banks,0.27824947128892,0.27824947128892
FTSE100,AKBNK,0.2765108945466538,0.2765108945466538
Copper,Dollar_Index,-0.2738203025919636,0.2738203025919636
Brent_Oil,Dow_Jones,0.2736222779920032,0.2736222779920032
Copper,Brent_Oil,0.2723434750101675,0.2723434750101675
Gold,US_10Y_Bond,-0.2720336619050203,0.2720336619050203
Platinum,FTSE100,0.2713478803599876,0.2713478803599876
Copper,DAX,0.2678603333686603,0.2678603333686603
Dow_Jones,BIST100,0.2668700246795982,0.2668700246795982
DAX,US_10Y_Bond,0.266563489060482,0.266563489060482
DAX,THYAO,0.26538918442282,0.26538918442282
FTSE100,GARAN,0.2638342475861103,0.2638342475861103
DAX,AKBNK,0.26264381714986296,0.26264381714986296
Dow_Jones,BIST30,0.26198817572391603,0.26198817572391603
FTSE100,THYAO,0.2617761047570639,0.2617761047570639
ASELS,BIMAS,0.2606071281824756,0.2606071281824756
FTSE100,ISCTR,0.26027474816786655,0.26027474816786655
Brent_Oil,SP500,0.258635458352736,0.258635458352736
Platinum,Dow_Jones,0.2547332643525553,0.2547332643525553
Dow_Jones,BIST_Industrials,0.25341523381848435,0.25341523381848435
SP500,BIST100,0.2524877992045406,0.2524877992045406
DAX,ISCTR,0.25137284427925377,0.25137284427925377
Platinum,SP500,0.2487484395612511,0.2487484395612511
SP500,BIST30,0.24874144702049297,0.24874144702049297
Copper,Dow_Jones,0.24693081839929626,0.24693081839929626
BIST_Industrials,MOEX_Russia,0.24637238632617753,0.24637238632617753
DAX,GARAN,0.24625670633379335,0.24625670633379335
Platinum,DAX,0.24600378391693328,0.24600378391693328
Copper,SP500,0.2441027939282,0.2441027939282
NASDAQ,MOEX_Russia,0.24305554409563618,0.24305554409563618
Copper,CSI300,0.24143650213988307,0.24143650213988307
SP500,BIST_Industrials,0.2358378172419645,0.2358378172419645
FTSE100,TUPRS,0.2345230373988322,0.2345230373988322
NASDAQ,Bitcoin,0.23380002773193706,0.23380002773193706
BIST100,MOEX_Russia,0.23287656784678332,0.23287656784678332
Gold,Copper,0.23025455608622172,0.23025455608622172
Dow_Jones,SAHOL,0.228801919311163,0.228801919311163
BIST30,MOEX_Russia,0.22550118931355057,0.22550118931355057
Platinum,NASDAQ,0.2230894157101436,0.2230894157101436
Dow_Jones,Nikkei225,0.22232477069362308,0.22232477069362308
Brent_Oil,MOEX_Russia,0.22109425327142215,0.22109425327142215
Dow_Jones,KCHOL,0.22097391557674406,0.22097391557674406
Dow_Jones,BIST_Banks,0.2205729822377404,0.2205729822377404
Copper,NASDAQ,0.2196040926384975,0.2196040926384975
VIX,MOEX_Russia,-0.21916746788892558,0.21916746788892558
SP500,Nikkei225,0.21513521388544088,0.21513521388544088
SP500,SAHOL,0.2148380487693718,0.2148380487693718
SP500,Bitcoin,0.2145828468567697,0.2145828468567697
Platinum,Brent_Oil,0.21269361135296944,0.21269361135296944
Dow_Jones,THYAO,0.21196992119437028,0.21196992119437028
SP500,BIST_Banks,0.21113633262457668,0.21113633262457668
Brent_Oil,DAX,0.21055945822391323,0.21055945822391323
BIST100,VIX,-0.2104567784292295,0.2104567784292295
NASDAQ,BIST100,0.20958588316558574,0.20958588316558574
KCHOL,MOEX_Russia,0.20944393021711222,0.20944393021711222
NASDAQ,US_10Y_Bond,0.20939363652664006,0.20939363652664006
US_10Y_Bond,Dollar_Index,0.20907832596492198,0.20907832596492198
DAX,TUPRS,0.20901810616267424,0.20901810616267424
BIST_Industrials,VIX,-0.20699150116383144,0.20699150116383144
NASDAQ,BIST30,0.20630498188541185,0.20630498188541185
SP500,KCHOL,0.20498292302399904,0.20498292302399904
Copper,MOEX_Russia,0.20423089400440206,0.20423089400440206
Brent_Oil,VIX,-0.20268818464087085,0.20268818464087085
BIST30,VIX,-0.2010935307299307,0.2010935307299307
TUPRS,MOEX_Russia,0.20057622704469014,0.20057622704469014
Copper,VIX,-0.2001276755921303,0.2001276755921303
SAHOL,MOEX_Russia,0.19947138528973643,0.19947138528973643
SP500,THYAO,0.199334962326101,0.199334962326101
Brent_Oil,NASDAQ,0.19794143067870187,0.19794143067870187
Brent_Oil,US_10Y_Bond,0.1963640043867725,0.1963640043867725
NASDAQ,BIST_Industrials,0.19570938957806674,0.19570938957806674
Platinum,MOEX_Russia,0.19472786657912788,0.19472786657912788
VIX,US_10Y_Bond,-0.19434823234712162,0.19434823234712162
Dow_Jones,AKBNK,0.1939422298103988,0.1939422298103988
Dow_Jones,Bitcoin,0.19347720299680315,0.19347720299680315
Dow_Jones,GARAN,0.19033736142931582,0.19033736142931582
Dow_Jones,ISCTR,0.18661126881289142,0.18661126881289142
NASDAQ,Nikkei225,0.18600535317392514,0.18600535317392514
SP500,AKBNK,0.18470968730696363,0.18470968730696363
Nikkei225,MOEX_Russia,0.18406107336361585,0.18406107336361585
Nikkei225,CSI300,0.1833982740900319,0.1833982740900319
SP500,GARAN,0.18193776745157914,0.18193776745157914
NASDAQ,SAHOL,0.17861046829757543,0.17861046829757543
SP500,ISCTR,0.17749449840753095,0.17749449840753095
Nikkei225,VIX,-0.17685741025378993,0.17685741025378993
FTSE100,ASELS,0.1760535363839645,0.1760535363839645
Platinum,CSI300,0.1743727421975966,0.1743727421975966
Bitcoin,VIX,-0.17207896471128414,0.17207896471128414
Silver,Brent_Oil,0.17199951682256143,0.17199951682256143
NASDAQ,BIST_Banks,0.17101318541884647,0.17101318541884647
THYAO,MOEX_Russia,0.16827182221476988,0.16827182221476988
Platinum,VIX,-0.16697366870714897,0.16697366870714897
Nikkei225,BIST_Industrials,0.16486277191266613,0.16486277191266613
BIST_Banks,VIX,-0.1644932080682362,0.1644932080682362
BIST_Banks,MOEX_Russia,0.16411242773597964,0.16411242773597964
NASDAQ,KCHOL,0.16332802579981665,0.16332802579981665
NASDAQ,THYAO,0.16323126824154427,0.16323126824154427
KCHOL,VIX,-0.16260406276783534,0.16260406276783534
DAX,ASELS,0.16254992525258521,0.16254992525258521
Dow_Jones,TUPRS,0.16180766310592007,0.16180766310592007
SAHOL,VIX,-0.1580442126401076,0.1580442126401076
Copper,Nikkei225,0.15773333434517176,0.15773333434517176
WTI_Oil,Dow_Jones,0.1540782709754592,0.1540782709754592
Platinum,BIST30,0.15221977953225377,0.15221977953225377
THYAO,VIX,-0.15206105347278354,0.15206105347278354
Platinum,BIST100,0.15070739990417267,0.15070739990417267
SP500,TUPRS,0.14972646508138546,0.14972646508138546
NASDAQ,AKBNK,0.14874950526832967,0.14874950526832967
Platinum,BIST_Industrials,0.1476863673376367,0.1476863673376367
Platinum,SAHOL,0.14691963469995772,0.14691963469995772
Platinum,Nikkei225,0.1468589447158237,0.1468589447158237
ISCTR,MOEX_Russia,0.146751697992338,0.146751697992338
Nikkei225,BIST100,0.14665678281581981,0.14665678281581981
ISCTR,VIX,-0.14659515857433408,0.14659515857433408
GARAN,MOEX_Russia,0.14601408909816876,0.14601408909816876
Copper,BIST30,0.14565044500483273,0.14565044500483273
Silver,NASDAQ,0.14528706814758682,0.14528706814758682
AKBNK,VIX,-0.14481066976376158,0.14481066976376158
Copper,BIST100,0.1438994899653703,0.1438994899653703
NASDAQ,GARAN,0.1437914332668166,0.1437914332668166
Dow_Jones,ASELS,0.14335275449961019,0.14335275449961019
GARAN,VIX,-0.1433110975946857,0.1433110975946857
NASDAQ,ISCTR,0.14242758797827193,0.14242758797827193
Silver,SP500,0.14202946451825854,0.14202946451825854
Copper,BIST_Industrials,0.14192907321585455,0.14192907321585455
Nikkei225,BIST30,0.14102864137145985,0.14102864137145985
DAX,Bitcoin,0.13976884340159673,0.13976884340159673
WTI_Oil,SP500,0.13966479907842544,0.13966479907842544
Platinum,BIST_Banks,0.13494330010472405,0.13494330010472405
FTSE100,CSI300,0.13487768919970858,0.13487768919970858
AKBNK,MOEX_Russia,0.13402111468904904,0.13402111468904904
Brent_Oil,TUPRS,0.13292215917531405,0.13292215917531405
DAX,BIMAS,0.13260218393579265,0.13260218393579265
Nikkei225,US_10Y_Bond,0.132065693038268,0.132065693038268
Silver,FTSE100,0.13096763429697447,0.13096763429697447
TUPRS,VIX,-0.1304700871035787,0.1304700871035787
SP500,ASELS,0.13014017506472103,0.13014017506472103
Copper,WTI_Oil,0.129796912557627,0.129796912557627
Silver,BIST_Industrials,0.12880650405227131,0.12880650405227131
Copper,BIST_Banks,0.128384694312674,0.128384694312674
Silver,US_10Y_Bond,-0.1283117586469315,0.1283117586469315
Silver,Dow_Jones,0.12802991100605837,0.12802991100605837
Silver,MOEX_Russia,0.1265421779773371,0.1265421779773371
Silver,BIST30,0.12471599350710716,0.12471599350710716
Nikkei225,KCHOL,0.12461974183473208,0.12461974183473208
Platinum,AKBNK,0.12412275620936067,0.12412275620936067
Silver,BIST100,0.12366893111923548,0.12366893111923548
Silver,CSI300,0.12363805967594563,0.12363805967594563
FTSE100,BIMAS,0.12313835624807716,0.12313835624807716
FTSE100,Bitcoin,0.12257185758216858,0.12257185758216858
SP500,BIMAS,0.12050661295754422,0.12050661295754422
DAX,CSI300,0.119723325553394,0.119723325553394
Copper,AKBNK,0.1183889076478935,0.1183889076478935
Silver,DAX,0.11829889225744546,0.11829889225744546
Dow_Jones,BIMAS,0.11800814315013175,0.11800814315013175
WTI_Oil,FTSE100,0.11773171935361575,0.11773171935361575
BIST30,US_10Y_Bond,0.1174464216849768,0.1174464216849768
Copper,GARAN,0.1174203316990921,0.1174203316990921
BIST100,US_10Y_Bond,0.11735505884851884,0.11735505884851884
Platinum,KCHOL,0.1168599178084682,0.1168599178084682
CSI300,MOEX_Russia,0.11665672616322878,0.11665672616322878
Dollar_Index,CSI300,-0.1163411047593422,0.1163411047593422
Platinum,Bitcoin,0.11591217284774011,0.11591217284774011
US_10Y_Bond,MOEX_Russia,0.11584246795864611,0.11584246795864611
Nikkei225,SAHOL,0.11541202995721174,0.11541202995721174
NASDAQ,BIMAS,0.11527355077600576,0.11527355077600576
NASDAQ,TUPRS,0.11518459096230882,0.11518459096230882
Platinum,ISCTR,0.1150007298513431,0.1150007298513431
BIMAS,VIX,-0.1149828756951,0.1149828756951
Platinum,GARAN,0.11489574306527453,0.11489574306527453
Copper,SAHOL,0.11303852567387856,0.11303852567387856
Brent_Oil,Nikkei225,0.11279707255558638,0.11279707255558638
Nikkei225,BIST_Banks,0.11240751946104485,0.11240751946104485
Bitcoin,MOEX_Russia,0.11118639995213636,0.11118639995213636
Nikkei225,USD_TRY,-0.1111728100471724,0.1111728100471724
Copper,TUPRS,0.11098586912635096,0.11098586912635096
Copper,ASELS,0.11078684778304332,0.11078684778304332
BIST_Banks,US_10Y_Bond,0.11065801657871502,0.11065801657871502
THYAO,US_10Y_Bond,0.11019474089471733,0.11019474089471733
Silver,Bitcoin,0.10870651470434456,0.10870651470434456
Platinum,ASELS,0.10852914767072469,0.10852914767072469
Brent_Oil,BIST_Industrials,0.10816884167671276,0.10816884167671276
Nikkei225,EUR_TRY,-0.10759512883286697,0.10759512883286697
WTI_Oil,CSI300,0.10725389851251611,0.10725389851251611
ASELS,VIX,-0.10714019640984582,0.10714019640984582
ASELS,MOEX_Russia,0.10686424143138744,0.10686424143138744
Copper,ISCTR,0.10607932872648596,0.10607932872648596
WTI_Oil,NASDAQ,0.10534557126977091,0.10534557126977091
Nikkei225,SAR_TRY,-0.10512811190826547,0.10512811190826547
Nikkei225,AKBNK,0.10495488402605163,0.10495488402605163
GARAN,US_10Y_Bond,0.1047442399165915,0.1047442399165915
Copper,KCHOL,0.10441402490602121,0.10441402490602121
NASDAQ,ASELS,0.10424642931620079,0.10424642931620079
WTI_Oil,US_10Y_Bond,0.10407674789638877,0.10407674789638877
Nikkei225,TUPRS,0.10365373009254762,0.10365373009254762
Copper,Bitcoin,0.10320248559196342,0.10320248559196342
WTI_Oil,VIX,-0.10255840070109633,0.10255840070109633
WTI_Oil,MOEX_Russia,0.10242931880472014,0.10242931880472014
Nikkei225,ISCTR,0.10103607000852956,0.10103607000852956
KCHOL,US_10Y_Bond,0.10039877477705637,0.10039877477705637
ISCTR,US_10Y_Bond,0.10016122376133803,0.10016122376133803
Natural_Gas,MOEX_Russia,0.09989135192240994,0.09989135192240994
Brent_Oil,CSI300,0.09928944346938026,0.09928944346938026
Silver,BIST_Banks,0.09925870098041803,0.09925870098041803
Silver,SAHOL,0.09866933298434517,0.09866933298434517
SAHOL,US_10Y_Bond,0.09828602219094722,0.09828602219094722
Silver,ASELS,0.09827338433760048,0.09827338433760048
Nikkei225,GARAN,0.09814179297472386,0.09814179297472386
Copper,US_10Y_Bond,0.09769002072516482,0.09769002072516482
Platinum,TUPRS,0.09732185627853192,0.09732185627853192
Silver,AKBNK,0.09695114996511074,0.09695114996511074
SP500,Dollar_Index,-0.09418670345086669,0.09418670345086669
Brent_Oil,BIST30,0.09388708579067152,0.09388708579067152
Silver,Nikkei225,0.09385111577908914,0.09385111577908914
Silver,TUPRS,0.09362374719374271,0.09362374719374271
Gold,Brent_Oil,0.09252640484299944,0.09252640484299944
BIST_Industrials,US_10Y_Bond,0.0924072253529962,0.0924072253529962
Nikkei225,THYAO,0.09197323497270289,0.09197323497270289
AKBNK,US_10Y_Bond,0.09192588043326134,0.09192588043326134
Brent_Oil,BIST100,0.09184828796659605,0.09184828796659605
Gold,CSI300,0.09044922521662818,0.09044922521662818
NASDAQ,Dollar_Index,-0.08842506444022805,0.08842506444022805
WTI_Oil,DAX,0.08737279042610085,0.08737279042610085
NASDAQ,CSI300,0.0870968112605555,0.0870968112605555
BIMAS,MOEX_Russia,0.08638157352223809,0.08638157352223809
Platinum,WTI_Oil,0.0855452768291766,0.0855452768291766
Brent_Oil,SAHOL,0.08544899854665472,0.08544899854665472
Silver,GARAN,0.0840442593997141,0.0840442593997141
Nikkei225,ASELS,0.08309911208449537,0.08309911208449537
Bitcoin,Dollar_Index,-0.08245022218189109,0.08245022218189109
BIST_Industrials,Bitcoin,0.08161642631391486,0.08161642631391486
Copper,THYAO,0.08160702529736244,0.08160702529736244
Gold,Bitcoin,0.08134182324109544,0.08134182324109544
Brent_Oil,Natural_Gas,0.08128100294319555,0.08128100294319555
Silver,KCHOL,0.08009904335655421,0.08009904335655421
KCHOL,Bitcoin,0.07964474686460088,0.07964474686460088
Brent_Oil,KCHOL,0.07907018819080458,0.07907018819080458
Silver,BIMAS,0.07530335329917807,0.07530335329917807
Dollar_Index,MOEX_Russia,-0.0746157829283274,0.0746157829283274
Dow_Jones,Dollar_Index,-0.0745420977108525,0.0745420977108525
Platinum,BIMAS,0.074036563636698,0.074036563636698
ISCTR,USD_TRY,-0.07299029245951111,0.07299029245951111
BIST30,Dollar_Index,-0.07208945007551577,0.07208945007551577
Silver,ISCTR,0.0710643841224627,0.0710643841224627
Platinum,THYAO,0.0706161437565834,0.0706161437565834
Silver,VIX,-0.07060778226937235,0.07060778226937235
BIST100,Bitcoin,0.07056871622650962,0.07056871622650962
AKBNK,USD_TRY,-0.06958883596715261,0.06958883596715261
Silver,WTI_Oil,0.06841224662470272,0.06841224662470272
Natural_Gas,SP500,0.06809574037967278,0.06809574037967278
KCHOL,Dollar_Index,-0.06744360960328243,0.06744360960328243
BIST100,Dollar_Index,-0.0665373972531351,0.0665373972531351
BIST_Industrials,Dollar_Index,-0.06644650842761986,0.06644650842761986
Platinum,USD_TRY,-0.06628131445884568,0.06628131445884568
VIX,CSI300,-0.06595168743079256,0.06595168743079256
GARAN,USD_TRY,-0.06592716194516557,0.06592716194516557
ISCTR,SAR_TRY,-0.06590807298689175,0.06590807298689175
Brent_Oil,Dollar_Index,-0.06486038576182733,0.06486038576182733
AKBNK,Dollar_Index,-0.06452995393673984,0.06452995393673984
BIST30,Bitcoin,0.06449466739153233,0.06449466739153233
SP500,CSI300,0.0644880626582593,0.0644880626582593
AKBNK,SAR_TRY,-0.06434381105292072,0.06434381105292072
Brent_Oil,BIST_Banks,0.06341891093111986,0.06341891093111986
ISCTR,EUR_TRY,-0.06333163608689588,0.06333163608689588
BIST_Banks,USD_TRY,-0.06290678247495386,0.06290678247495386
Platinum,SAR_TRY,-0.062743215408968,0.062743215408968
Natural_Gas,Dow_Jones,0.062250182584940875,0.062250182584940875
BIST_Banks,Dollar_Index,-0.062023504552594,0.062023504552594
BIMAS,US_10Y_Bond,0.06194075218074918,0.06194075218074918
TUPRS,USD_TRY,0.06128313730939608,0.06128313730939608
Brent_Oil,ISCTR,0.060878379713489215,0.060878379713489215
ASELS,US_10Y_Bond,0.06077406363717538,0.06077406363717538
TUPRS,SAR_TRY,0.06001619516104907,0.06001619516104907
ISCTR,GBP_TRY,-0.0599626913300255,0.0599626913300255
WTI_Oil,Nikkei225,0.0591568270467188,0.0591568270467188
WTI_Oil,TUPRS,0.058718458429482756,0.058718458429482756
GARAN,SAR_TRY,-0.05835240948815332,0.05835240948815332
FTSE100,EUR_TRY,-0.05714698207696605,0.05714698207696605
BIST_Banks,SAR_TRY,-0.05688170833809059,0.05688170833809059
Gold,DAX,-0.0555265612187893,0.0555265612187893
Gold,AKBNK,0.05511485489325069,0.05511485489325069
Natural_Gas,DAX,0.055007789115913586,0.055007789115913586
Natural_Gas,FTSE100,0.05469700251325253,0.05469700251325253
Bitcoin,GBP_TRY,-0.05445746838434914,0.05445746838434914
AKBNK,GBP_TRY,-0.05300433511789338,0.05300433511789338
TUPRS,EUR_TRY,0.05248913886240756,0.05248913886240756
Natural_Gas,SAHOL,0.052248992243407504,0.052248992243407504
ISCTR,CSI300,0.052115292052082034,0.052115292052082034
Brent_Oil,GARAN,0.05179793286103121,0.05179793286103121
ISCTR,Bitcoin,0.05177238541833199,0.05177238541833199
Gold,VIX,0.05174655560163285,0.05174655560163285
TUPRS,US_10Y_Bond,0.05169425482576226,0.05169425482576226
FTSE100,USD_TRY,-0.05168654243626241,0.05168654243626241
DAX,EUR_TRY,-0.051620542266238516,0.051620542266238516
GARAN,GBP_TRY,-0.05160634360808612,0.05160634360808612
AKBNK,EUR_TRY,-0.05158231764811208,0.05158231764811208
Gold,BIST_Banks,0.051306078650095684,0.051306078650095684
FTSE100,SAR_TRY,-0.05086406119483525,0.05086406119483525
AKBNK,Bitcoin,0.05069330480873835,0.05069330480873835
GARAN,Dollar_Index,-0.04961457352123263,0.04961457352123263
TUPRS,GBP_TRY,0.04947722153962731,0.04947722153962731
SAHOL,Dollar_Index,-0.04938237128834108,0.04938237128834108
BIST_Banks,GBP_TRY,-0.04898404163798955,0.04898404163798955
Brent_Oil,Bitcoin,0.0487154405600635,0.0487154405600635
GARAN,EUR_TRY,-0.048663286965128456,0.048663286965128456
BIST_Banks,Bitcoin,0.04847490269266688,0.04847490269266688
Silver,SAR_TRY,-0.04799476993718068,0.04799476993718068
Brent_Oil,ASELS,0.04789164114201873,0.04789164114201873
FTSE100,GBP_TRY,-0.04761064915656686,0.04761064915656686
Gold,BIST30,0.04727887256960434,0.04727887256960434
Brent_Oil,RUB_TRY,-0.0469874714028843,0.0469874714028843
Natural_Gas,NASDAQ,0.04669311921131765,0.04669311921131765
Natural_Gas,BIST30,0.04656496445429054,0.04656496445429054
Copper,BIMAS,0.04604573443032661,0.04604573443032661
Platinum,EUR_TRY,-0.04597175767056105,0.04597175767056105
BIST_Banks,EUR_TRY,-0.045613720297663085,0.045613720297663085
ASELS,GBP_TRY,0.045049237812944135,0.045049237812944135
Silver,USD_TRY,-0.04497410582631742,0.04497410582631742
USD_TRY,Bitcoin,-0.044942898358343863,0.044942898358343863
Bitcoin,SAR_TRY,-0.044660755581614975,0.044660755581614975
ISCTR,Dollar_Index,-0.044432834609854144,0.044432834609854144
Natural_Gas,BIST100,0.044371390009070484,0.044371390009070484
DAX,USD_TRY,-0.04418848953072632,0.04418848953072632
THYAO,USD_TRY,0.04408702990467783,0.04408702990467783
Nikkei225,BIMAS,0.044047756688769014,0.044047756688769014
Natural_Gas,BIMAS,0.04394006280861937,0.04394006280861937
Platinum,Natural_Gas,0.043818943238338626,0.043818943238338626
THYAO,GBP_TRY,0.04357804935707974,0.04357804935707974
Natural_Gas,BIST_Banks,0.04343628676915078,0.04343628676915078
Brent_Oil,AKBNK,0.0431504432307842,0.0431504432307842
Natural_Gas,KCHOL,0.042762829444459256,0.042762829444459256
THYAO,SAR_TRY,0.04262424689065144,0.04262424689065144
WTI_Oil,SAHOL,0.04248744538111798,0.04248744538111798
Gold,THYAO,-0.041733966122738636,0.041733966122738636
Natural_Gas,CSI300,0.041454067102297085,0.041454067102297085
Brent_Oil,BIMAS,0.041397495873836086,0.041397495873836086
Natural_Gas,VIX,-0.04118466762963109,0.04118466762963109
DAX,SAR_TRY,-0.04112501607171075,0.04112501607171075
SAHOL,Bitcoin,0.04084693623813027,0.04084693623813027
Dollar_Index,SAR_TRY,0.04077325919851021,0.04077325919851021
Gold,GARAN,0.040699950079430856,0.040699950079430856
EUR_TRY,Bitcoin,-0.040666101170898535,0.040666101170898535
Natural_Gas,TUPRS,0.040578789870270505,0.040578789870270505
Gold,BIST100,0.040336557423654516,0.040336557423654516
THYAO,EUR_TRY,0.04032787729279125,0.04032787729279125
Copper,Natural_Gas,0.040236360131447386,0.040236360131447386
Natural_Gas,BIST_Industrials,0.040109834661168194,0.040109834661168194
ASELS,CSI300,0.039337024931929115,0.039337024931929115
Dow_Jones,USD_TRY,-0.03902390348332599,0.03902390348332599
Natural_Gas,GARAN,0.03891614772629412,0.03891614772629412
Gold,WTI_Oil,0.038678705537326406,0.038678705537326406
Natural_Gas,ASELS,0.03859525291672968,0.03859525291672968
Gold,SAHOL,0.03843343543103338,0.03843343543103338
BIMAS,Bitcoin,0.038402182822540286,0.038402182822540286
TUPRS,Dollar_Index,-0.03828719144060418,0.03828719144060418
BIST_Industrials,GBP_TRY,0.03824426856797891,0.03824426856797891
ASELS,SAR_TRY,0.03822085325200791,0.03822085325200791
ASELS,USD_TRY,0.03795050579263673,0.03795050579263673
USD_TRY,Dollar_Index,0.0374867861505235,0.0374867861505235
BIST_Industrials,SAR_TRY,0.037379859749010584,0.037379859749010584
Platinum,GBP_TRY,-0.03733922332732774,0.03733922332732774
WTI_Oil,KCHOL,0.03656648537227735,0.03656648537227735
BIMAS,GBP_TRY,-0.036502464318747985,0.036502464318747985
Natural_Gas,AKBNK,0.03643284817094216,0.03643284817094216
WTI_Oil,Dollar_Index,-0.035913694007784984,0.035913694007784984
Dow_Jones,SAR_TRY,-0.03590115487905497,0.03590115487905497
CSI300,GBP_TRY,0.03508109981060274,0.03508109981060274
TUPRS,Bitcoin,0.03470338124477472,0.03470338124477472
THYAO,Dollar_Index,-0.03465321203057885,0.03465321203057885
Gold,MOEX_Russia,0.034337959985264406,0.034337959985264406
TUPRS,RUB_TRY,0.0340959528274927,0.0340959528274927
Natural_Gas,THYAO,0.033804371795659226,0.033804371795659226
WTI_Oil,BIST30,0.03373817590178876,0.03373817590178876
Gold,BIST_Industrials,0.03369795216279044,0.03369795216279044
EUR_TRY,VIX,0.033275784012541255,0.033275784012541255
Nikkei225,GBP_TRY,-0.033168300436133086,0.033168300436133086
Copper,USD_TRY,-0.03300802648912366,0.03300802648912366
BIST_Industrials,USD_TRY,0.032639058523644925,0.032639058523644925
BIMAS,EUR_TRY,-0.032499733208143616,0.032499733208143616
CSI300,RUB_TRY,-0.032476584545445455,0.032476584545445455
WTI_Oil,Bitcoin,0.03235325189218988,0.03235325189218988
ASELS,EUR_TRY,0.0322017570469566,0.0322017570469566
Natural_Gas,US_10Y_Bond,0.031592570483364876,0.031592570483364876
THYAO,Bitcoin,0.03158257424391593,0.03158257424391593
Copper,SAR_TRY,-0.03146806618180909,0.03146806618180909
BIST_Industrials,EUR_TRY,0.031325236937584974,0.031325236937584974
Gold,BIMAS,0.03130840098852709,0.03130840098852709
USD_TRY,VIX,0.031167476907156044,0.031167476907156044
Gold,USD_TRY,-0.030955159435312223,0.030955159435312223
Gold,FTSE100,-0.030179460936285808,0.030179460936285808
Silver,EUR_TRY,-0.029854902969519072,0.029854902969519072
GARAN,CSI300,0.029852138045024745,0.029852138045024745
Dow_Jones,GBP_TRY,-0.029790180290902635,0.029790180290902635
Gold,ISCTR,0.029665637184326847,0.029665637184326847
SP500,USD_TRY,-0.02928816923492556,0.02928816923492556
SAHOL,USD_TRY,-0.029006617618867064,0.029006617618867064
WTI_Oil,BIST100,0.028754626368125494,0.028754626368125494
Dow_Jones,EUR_TRY,-0.02853103613346757,0.02853103613346757
GARAN,Bitcoin,0.028108282553276225,0.028108282553276225
Gold,NASDAQ,0.027921928523536563,0.027921928523536563
Gold,SAR_TRY,-0.027788425629231554,0.027788425629231554
Gold,ASELS,0.02770085702594257,0.02770085702594257
BIMAS,SAR_TRY,-0.027324267619805474,0.027324267619805474
AKBNK,CSI300,0.026927903568959417,0.026927903568959417
WTI_Oil,BIST_Banks,0.02685043467453561,0.02685043467453561
SAHOL,SAR_TRY,-0.026402687134985264,0.026402687134985264
Bitcoin,US_10Y_Bond,0.026167310078374702,0.026167310078374702
BIMAS,USD_TRY,-0.02616166365741223,0.02616166365741223
Natural_Gas,Dollar_Index,-0.026067626869975383,0.026067626869975383
SP500,SAR_TRY,-0.025957558539110075,0.025957558539110075
EUR_TRY,CSI300,0.025501932910307414,0.025501932910307414
Natural_Gas,ISCTR,0.02542066030625974,0.02542066030625974
Gold,TUPRS,0.025161917623174344,0.025161917623174344
WTI_Oil,GARAN,0.024957807744328188,0.024957807744328188
BIST_Banks,CSI300,0.02485754772676349,0.02485754772676349
ASELS,Bitcoin,0.02457022113303938,0.02457022113303938
Gold,Nikkei225,-0.02367826800014905,0.02367826800014905
WTI_Oil,ISCTR,0.02362415889320821,0.02362415889320821
VIX,GBP_TRY,0.023335439562295078,0.023335439562295078
Platinum,US_10Y_Bond,-0.02326084651944998,0.02326084651944998
Dow_Jones,RUB_TRY,-0.023113560017290084,0.023113560017290084
Gold,RUB_TRY,0.023100139654429714,0.023100139654429714
WTI_Oil,BIST_Industrials,0.023003296906595014,0.023003296906595014
VIX,SAR_TRY,0.02292948749416181,0.02292948749416181
Dow_Jones,CSI300,0.0225200736455172,0.0225200736455172
BIST_Industrials,RUB_TRY,0.0220023699228949,0.0220023699228949
DAX,GBP_TRY,-0.021234276442577,0.021234276442577
Silver,GBP_TRY,-0.0207496942553517,0.0207496942553517
WTI_Oil,AKBNK,0.019902394541071556,0.019902394541071556
SP500,EUR_TRY,-0.019838898257610253,0.019838898257610253
Silver,THYAO,0.019561011238468748,0.019561011238468748
SP500,GBP_TRY,-0.019518603779352297,0.019518603779352297
Gold,SP500,0.018898997775367247,0.018898997775367247
Platinum,RUB_TRY,-0.018779386472815237,0.018779386472815237
NASDAQ,USD_TRY,-0.018757919031982484,0.018757919031982484
VIX,Dollar_Index,0.018537244859692964,0.018537244859692964
SP500,RUB_TRY,-0.01842962245999988,0.01842962245999988
Silver,Natural_Gas,0.018382411994008915,0.018382411994008915
Bitcoin,CSI300,0.018303456345191416,0.018303456345191416
Gold,KCHOL,0.018096680317703926,0.018096680317703926
Brent_Oil,EUR_TRY,-0.018064669967639523,0.018064669967639523
FTSE100,RUB_TRY,-0.017715303862996506,0.017715303862996506
US_10Y_Bond,RUB_TRY,-0.01768851679869239,0.01768851679869239
Nikkei225,RUB_TRY,-0.01734128711083218,0.01734128711083218
GARAN,RUB_TRY,0.016875039913971372,0.016875039913971372
SAHOL,CSI300,-0.01685777228184984,0.01685777228184984
BIMAS,Dollar_Index,-0.016344014969454115,0.016344014969454115
SAHOL,GBP_TRY,-0.016287595498463498,0.016287595498463498
NASDAQ,SAR_TRY,-0.015945792685027854,0.015945792685027854
SAR_TRY,RUB_TRY,0.01582320433702663,0.01582320433702663
EUR_TRY,Dollar_Index,0.01554395949775718,0.01554395949775718
Gold,GBP_TRY,-0.015389379420714366,0.015389379420714366
KCHOL,SAR_TRY,0.015262519302374862,0.015262519302374862
WTI_Oil,RUB_TRY,-0.01473677880661393,0.01473677880661393
BIMAS,CSI300,-0.014647680657999306,0.014647680657999306
KCHOL,USD_TRY,0.014544861249774766,0.014544861249774766
USD_TRY,RUB_TRY,0.014538533564629787,0.014538533564629787
BIST30,EUR_TRY,0.013909789279533284,0.013909789279533284
Brent_Oil,THYAO,0.01322276119085089,0.01322276119085089
DAX,Dollar_Index,-0.013150991065122216,0.013150991065122216
WTI_Oil,ASELS,0.013132140351962718,0.013132140351962718
ASELS,Dollar_Index,-0.013062030703219164,0.013062030703219164
USD_TRY,CSI300,-0.013000918899838463,0.013000918899838463
NASDAQ,GBP_TRY,-0.012900972473073563,0.012900972473073563
Natural_Gas,EUR_TRY,0.012897327433752227,0.012897327433752227
BIST30,GBP_TRY,0.012895308499780456,0.012895308499780456
KCHOL,EUR_TRY,0.012809037522282551,0.012809037522282551
SAHOL,EUR_TRY,-0.012802640460017363,0.012802640460017363
AKBNK,RUB_TRY,0.012763628290508354,0.012763628290508354
BIST30,RUB_TRY,0.012738299809484458,0.012738299809484458
KCHOL,GBP_TRY,0.012505075918649486,0.012505075918649486
MOEX_Russia,SAR_TRY,-0.01248364330253752,0.01248364330253752
BIST100,RUB_TRY,0.012124863617248368,0.012124863617248368
Natural_Gas,RUB_TRY,-0.011870016615315358,0.011870016615315358
BIST_Banks,RUB_TRY,0.011713619101399559,0.011713619101399559
CSI300,SAR_TRY,-0.011459506963516865,0.011459506963516865
NASDAQ,RUB_TRY,-0.011293045067516093,0.011293045067516093
Dollar_Index,RUB_TRY,-0.011183893260730928,0.011183893260730928
BIST100,GBP_TRY,0.010960843166028527,0.010960843166028527
US_10Y_Bond,GBP_TRY,-0.010925157939317445,0.010925157939317445
Copper,GBP_TRY,-0.01090456648658737,0.01090456648658737
DAX,RUB_TRY,-0.010846265093443313,0.010846265093443313
BIST100,EUR_TRY,0.010210997277130703,0.010210997277130703
USD_TRY,MOEX_Russia,-0.010055813941334013,0.010055813941334013
EUR_TRY,MOEX_Russia,-0.009637283268216184,0.009637283268216184
NASDAQ,EUR_TRY,-0.00945159701301179,0.00945159701301179
VIX,RUB_TRY,0.009313113092014717,0.009313113092014717
Copper,EUR_TRY,-0.009202842502984305,0.009202842502984305
BIST30,CSI300,0.009119359163151507,0.009119359163151507
BIST30,SAR_TRY,0.008911677621673973,0.008911677621673973
BIST_Industrials,CSI300,0.00830976781145845,0.00830976781145845
Brent_Oil,USD_TRY,-0.008014739354897568,0.008014739354897568
GBP_TRY,RUB_TRY,0.008008290293378968,0.008008290293378968
WTI_Oil,SAR_TRY,-0.0076136222565174345,0.0076136222565174345
Dollar_Index,GBP_TRY,0.00736628511094112,0.00736628511094112
Gold,EUR_TRY,-0.007325926746968207,0.007325926746968207
Nikkei225,Dollar_Index,0.007298101945800253,0.007298101945800253
MOEX_Russia,RUB_TRY,-0.00727291018880916,0.00727291018880916
BIMAS,RUB_TRY,-0.006935369701666571,0.006935369701666571
ASELS,RUB_TRY,0.006581137159289849,0.006581137159289849
Brent_Oil,SAR_TRY,-0.006392036909491985,0.006392036909491985
BIST100,SAR_TRY,0.006387603395867918,0.006387603395867918
Natural_Gas,GBP_TRY,0.00636636293531483,0.00636636293531483
Brent_Oil,GBP_TRY,-0.0063079799352885125,0.0063079799352885125
WTI_Oil,THYAO,-0.006018167460666629,0.006018167460666629
Natural_Gas,Nikkei225,0.005913900289392541,0.005913900289392541
WTI_Oil,EUR_TRY,-0.005600409983636888,0.005600409983636888
FTSE100,Dollar_Index,-0.005497400759191067,0.005497400759191067
Gold,Natural_Gas,0.005391157771135432,0.005391157771135432
BIST30,USD_TRY,0.005227807719132294,0.005227807719132294
US_10Y_Bond,CSI300,0.005061216162231287,0.005061216162231287
WTI_Oil,BIMAS,0.004667161648550773,0.004667161648550773
Copper,RUB_TRY,-0.00461111530201755,0.00461111530201755
WTI_Oil,Natural_Gas,0.004592945410510147,0.004592945410510147
Natural_Gas,SAR_TRY,0.004506451971268101,0.004506451971268101
Gold,Dow_Jones,0.003906467594811541,0.003906467594811541
THYAO,CSI300,-0.0037411217252058667,0.0037411217252058667
KCHOL,CSI300,0.003449576914667166,0.003449576914667166
SAHOL,RUB_TRY,0.0033356493322045325,0.0033356493322045325
Natural_Gas,Bitcoin,0.0033313003087169293,0.0033313003087169293
KCHOL,RUB_TRY,0.0032750058865328624,0.0032750058865328624
Bitcoin,RUB_TRY,-0.002957850260945415,0.002957850260945415
BIST100,USD_TRY,0.0028338429284862233,0.0028338429284862233
THYAO,RUB_TRY,-0.002785260473216398,0.002785260473216398
MOEX_Russia,GBP_TRY,-0.0024280731201350965,0.0024280731201350965
WTI_Oil,GBP_TRY,-0.0023226016540679115,0.0023226016540679115
ISCTR,RUB_TRY,0.0023002576924187816,0.0023002576924187816
Silver,RUB_TRY,-0.002172514349907783,0.002172514349907783
US_10Y_Bond,SAR_TRY,0.002135683682184925,0.002135683682184925
Nikkei225,Bitcoin,0.0018278861777789475,0.0018278861777789475
Natural_Gas,USD_TRY,0.0017645929792004314,0.0017645929792004314
EUR_TRY,US_10Y_Bond,-0.0015078530253228408,0.0015078530253228408
BIST100,CSI300,-0.0014677311624842371,0.0014677311624842371
TUPRS,CSI300,-0.0013439128077848176,0.0013439128077848176
USD_TRY,US_10Y_Bond,-0.0006093263975613021,0.0006093263975613021
WTI_Oil,USD_TRY,-0.00021121362001463815,0.00021121362001463815
EUR_TRY,RUB_TRY,-0.00013862115073483034,0.00013862115073483034
